{"MEME": 169.448148461642, "TROLL": 23.014344005574156, "FOMO": 51.55152355312059, "YOLO": 96.39657841053224, "LOL": 463.9336321284763}