{"MEME": 172.74393122075608, "TROLL": 22.787701628120182, "FOMO": 45.596979360702385, "YOLO": 97.57597515879601, "LOL": 437.15747294288474}