{"MEME": 13.037717681692467, "TROLL": 294.45262847868423, "FOMO": 2094.0540686156246, "YOLO": 143.4658965028277, "LOL": 149.49683649793872}