{"MEME": 169.448148461642, "TROLL": 23.516234049822554, "FOMO": 51.55152355312059, "YOLO": 98.42864543536923, "LOL": 466.0572817687112}